category	studyA	studyB	run_pairs	nameA	nameB	centerA	centerB	stat_verdict	note
FILE_MIX	PRJEB2264	PRJEB2338	1	Triticum aestivum	Solanum phureja	University of Liverpool;UOL_CGR	University of Dundee;DUNDEE	species-level reads support neither	potato SFF GBSKQZK02 sits inside the wheat run; STAT of wheat run: S. tuberosum 46% + Aegilops 35%
HOST_ASSOC	PRJNA282814	PRJNA319039	1	Microplitis demolitor	Bracoviriform demolitoris	University of Georgia - UGA (GA)		species-level reads support A only	Microplitis demolitor wasp vs its integrated bracovirus; STAT: wasp 92%, bracovirus 7%
HOST_ASSOC	PRJNA290648	PRJNA312233	1	Aphanizomenon flos-aquae UKL13-PB	Hyphomonadaceae bacterium UKL13-1			species-level reads support A only	Aphanizomenon UKL13-PB vs co-isolate Hyphomonadaceae UKL13-1 (same culture)
MISATTR_ADJ	PRJEB13242	PRJEB14753	6	Mus musculus	Homo sapiens	BAYLOR COLLEGE OF ME	BAYLOR COLLEGE OF ME	species-level reads support A only	'Homo sapiens' record holds Mus musculus 95% (Baylor)
MISATTR_ADJ	PRJNA317585	PRJNA337915	3	Acinetobacter baumannii	Staphylococcus aureus			species-level reads support B only	'Acinetobacter baumannii' record holds S. aureus 95%
MISATTR_ADJ	PRJNA324615	PRJNA84221	2	Pelosinus fermentans DSM 17108	Acetivibrio thermocellus DSM 2360			species-level reads support neither	'Pelosinus fermentans' record holds Acetivibrio (Ruminiclostridium) thermocellus 98%
MISATTR_ADJ	PRJEB23728	PRJEB23778	1	Salmonella enterica	Escherichia coli	IZSLT (Istituto Zooprofilattico Sperimentale del Lazio e la Toscana)	IZSLT (Istituto Zooprofilattico Sperimentale del Lazio e la Toscana)	species-level reads support B only	'Salmonella enterica' record holds E. coli 16% / Salmonella 0% (IZSLT)
MISATTR_ADJ	PRJNA53793	PRJNA53813	1	Staphylococcus epidermidis IS-250	Staphylococcus aureus subsp. aureus IS-91	JCVI	JCVI	species-level reads support B only	'S. epidermidis IS-250' record holds S. aureus 77%
MISATTR_ADJ	PRJNA53795	PRJNA53813	1	Staphylococcus epidermidis IS-250	Staphylococcus aureus subsp. aureus IS-99	JCVI	JCVI	species-level reads support B only	'S. epidermidis IS-250' record holds S. aureus 77%
MISATTR_ADJ	PRJNA10769	PRJNA12555	1	Bos taurus	Zea mays			species-level reads support A only	'Zea mays' record holds Bos taurus 15% / Zea 0%
MISATTR_ADJ	PRJNA308790	PRJNA339509	1	Apis mellifera	Apis cerana		SUB1784624	species-level reads support A only	'Apis cerana' record holds Apis mellifera 66%
MISATTR_ADJ	PRJNA487114	PRJNA487138	1	Abies homolepis	Gallus gallus	SUB4431897	SUB4433080	species-level reads support B only	'Abies homolepis' (fir) record holds Gallus gallus 45%
MISATTR_ADJ	PRJNA53745	PRJNA53779	1	Staphylococcus lugdunensis VCU148	Staphylococcus epidermidis VCU111	JCVI	JCVI	species-level reads support A only	SRR071318 'S. epidermidis VCU111' holds S. lugdunensis 98%; VCU148 record correct
MISATTR_ADJ	PRJNA246441	PRJNA302243	1	Hippocampus kelloggi	Hippocampus erectus	HUAZHONG Agricultural University		species-level reads support B only	'Hippocampus kelloggi' record holds H. erectus 35%
MISATTR_ADJ	PRJNA321068	PRJNA339810	1	Primates	Anopheles sinensis		SUB1883772	species-level reads support neither	'Primates' record holds Anopheles 68%
MISATTR_ADJ	PRJNA268581	PRJNA318866	1	Mesorhizobium hungaricum	Enteractinococcus helveticum	UASWS		species-level reads support neither	'Enteractinococcus helveticum' record holds Mesorhizobium 70%
MISATTR_ADJ	PRJNA324120	PRJNA328794	1	Salmonella enterica	Escherichia coli			species-level reads support B only	'Salmonella enterica' record holds E. coli 12% / Salmonella 0%
MISATTR_ADJ	PRJNA324120	PRJNA330858	1	Salmonella enterica	Escherichia coli			species-level reads support B only	'Salmonella enterica' record holds E. coli 12% / Salmonella 0%
MISATTR_UNADJ	PRJNA436448	PRJNA470955	23	Homo sapiens	Arabidopsis thaliana	SUB3743374	SUB4023145	untestable (no species-level claim on either side)	Homo sapiens vs Arabidopsis thaliana — SNU/IBS genome-editing projects, 23 small runs; STAT: Chordata
MISATTR_UNADJ	PRJNA436188	PRJNA436448	16	Homo sapiens	Mus musculus	SUB3743374	SUB3743738	species-level reads support neither	Mus vs Homo — same submitter group, 16 runs; STAT partially human
MISATTR_UNADJ	PRJNA436188	PRJNA470898	8	Mus musculus	Brassica napus	SUB3743738	SUB4022655	species-level reads support neither	Mus vs Brassica napus — same group, 8 runs; STAT: Solanaceae
MISATTR_UNADJ	PRJNA436448	PRJNA436750	4	Homo sapiens	Mus musculus	SUB3743374	SUB3905584	species-level reads support neither	Homo vs Mus — same group, 4 runs
MISATTR_UNADJ	PRJNA451048	PRJNA470899	3	Mus musculus	Arabidopsis thaliana	SUB3906125	SUB4039555	untestable (no species-level claim on either side)	Mus vs Arabidopsis — same group, 3 runs
MISATTR_UNADJ	PRJEB21445	PRJEB33681	1	Rattus norvegicus	Mus musculus	INSTITUTO DE AGROQUIMICA Y TECNOLOGIA DE ALIMENTOS	INSTITUTO DE AGROQUIMICA Y TECNOLOGIA DE ALIMENTOS	species-level reads support neither	Rattus vs Mus as host of microbiome amplicon data
MISATTR_UNADJ	PRJEB19502	PRJEB24580	1	Bos taurus	Mus musculus	KYUNG HEE UNIV.	Chungnam National University;KYUNG HEE UNIVERSITY	species-level reads support neither	Bos taurus vs Mus musculus as host of microbiome amplicon data
MISATTR_UNADJ	PRJEB17923	PRJEB19110	1	Picea wilsonii	Picea sitchensis	Umea Plant Science Centre;UPSC	Umea Plant Science Centre;UPSC	species-level reads support neither	Picea wilsonii vs P. sitchensis; file-level, different spot counts
MISATTR_UNADJ	PRJEB7570	PRJEB7572	1	Bacillus sp. DSM 5850	bacterium EM-17	Universidad de La Frontera	Universidad de La Frontera	species-level reads support neither	Bacillus sp. DSM 5850 vs bacterium EM-17
MISATTR_UNADJ	PRJEB15412	PRJEB9777	1	Medicago prostrata	Medicago radiata	UNIVERSITY OF GOTHENBURG	Center of Marine Sciences - University of Algarve;Faro;Portugal;CCMAR	species-level reads support neither	Medicago prostrata vs M. radiata
MISATTR_UNADJ	PRJNA357678	PRJNA399227	1	Mus musculus	Homo sapiens		SUB2985877	species-level reads support neither	Mus vs Homo; STAT: Esox lucius 100% (a third organism — likely reference artefact on tiny run)
MISATTR_UNADJ	PRJNA72625	PRJNA80143	1	Gossypium barbadense	Gossypium arboreum	Alabama A&M University	UOKNOR	species-level reads support neither	as above
MISATTR_UNADJ	PRJNA72625	PRJNA80145	1	Gossypium arboreum	Gossypium barbadense	Alabama A&M University	UOKNOR	species-level reads support neither	Gossypium arboreum vs G. barbadense; read-identical (confirmed); no cotton reference in STAT
MISATTR_UNADJ	PRJNA282184	PRJNA282185	1	Solanum lycopersicum	Solanum habrochaites	College of Life Science, Northeast Agricultural Un	College of Life Science, Northeast Agricultural Un	species-level reads support A only	Solanum lycopersicum vs S. habrochaites; STAT ambiguous (S. pennellii 11%, lycopersicum 9%)
MISATTR_UNADJ	PRJNA310178	PRJNA310407	1	Acidobacterium capsulatum	Segatella albensis			species-level reads support neither	Acidobacterium capsulatum vs Segatella albensis; STAT resolves neither
MISATTR_UNADJ	PRJNA281676	PRJNA315910	1	Synodontis nigriventris	Synodontis eupterus	southwest university		species-level reads support neither	Synodontis nigriventris vs S. eupterus (catfish)
MISATTR_UNADJ	PRJNA392566	PRJNA392571	1	Lactarius sp. orange rll-107	Lactifluus echinatus	Kunming University of Science and Technology	Kunming University of Science and Technology	species-level reads support neither	Lactarius sp. vs Lactifluus echinatus (fungi)
MISATTR_UNADJ	PRJNA408223	PRJNA413737	1	Actinidia arguta	Actinidia chinensis	Chinese academy of agricultural sciences	bmk	species-level reads support neither	Actinidia arguta vs A. chinensis (kiwifruit)
MISATTR_UNADJ	PRJNA295128	PRJNA298670	1	Dendrobium densiflorum	Eulophia picta	University of North Bengal		species-level reads support neither	Dendrobium densiflorum vs Eulophia picta (orchids)
MIXTURE	PRJNA207831	PRJNA207832	1	Escherichia coli O157:H7 str. EDL933	Listeria monocytogenes serotype 4b str. NCTC 11994	National Institute of Standards and Technology	National Institute of Standards and Technology	species-level reads support A only	NIST CCQM reference run: STAT Listeria 19% + E. coli 10%; filed under each organism
MIXTURE	PRJNA49437	PRJNA51081	1	Finegoldia magna SY403409CC001050417	Peptoniphilus sp. oral taxon 836 str. F0141	JCVI	JCVI	species-level reads support both (mixture)	JCVI 454 pool: Finegoldia 30% + S. mitis 16% (+Peptoniphilus); filed under each of 3 organisms
MIXTURE	PRJNA49439	PRJNA51081	1	Finegoldia magna SY403409CC001050417	Streptococcus mitis bv. 2 str. F0392	JCVI	JCVI	species-level reads support both (mixture)	as above
MIXTURE	PRJNA49437	PRJNA49439	1	Peptoniphilus sp. oral taxon 836 str. F0141	Streptococcus mitis bv. 2 str. F0392	JCVI	JCVI	species-level reads support both (mixture)	as above
MIXTURE	PRJNA49443	PRJNA49619	1	Ligilactobacillus salivarius ACS-116-V-Col5a	Lactobacillus delbrueckii subsp. bulgaricus PB2003/044-T3-4	JCVI	JCVI	species-level reads support B only	JCVI: L. delbrueckii 57% + L. salivarius 21% (STAT uses pre-2020 genus name)
PLACEHOLDER	PRJEB10578	PRJEB10590	23	Bacteria aborigena	Bacteria ambigua	Unite de Recherche sur les Maladies Infectieuses et Tropicales Emergentes (URMITE) CNRS;Faculte de Medecine;Universite de la Mediterranee;Marseille;France;URMITE	Unite de Recherche sur les Maladies Infectieuses et Tropicales Emergentes (URMITE) CNRS;Faculte de Medecine;Universite de la Mediterranee;Marseille;France;URMITE	species-level reads support neither	'Bacteria aborigena' vs 'Bacteria ambigua' — provisional culturomics names, one submitter
PLACEHOLDER	PRJEB10590	PRJEB7053	23	Bacteria aborigena	Bacteria ambigua	Unite de Recherche sur les Maladies Infectieuses et Tropicales Emergentes (URMITE) CNRS;Faculte de Medecine;Universite de la Mediterranee;Marseille;France;URMITE	Unite de Recherche sur les Maladies Infectieuses et Tropicales Emergentes (URMITE) CNRS;Faculte de Medecine;Universite de la Mediterranee;Marseille;France;URMITE	species-level reads support neither	as above
PLACEHOLDER	PRJEB10590	PRJEB9815	18	Bacteria aborigena	Bacteria ambigua	Unite de Recherche sur les Maladies Infectieuses et Tropicales Emergentes (URMITE) CNRS;Faculte de Medecine;Universite de la Mediterranee;Marseille;France;URMITE	Unite de Recherche sur les Maladies Infectieuses et Tropicales Emergentes (URMITE) CNRS;Faculte de Medecine;Universite de la Mediterranee;Marseille;France;URMITE	species-level reads support neither	as above
PLACEHOLDER	PRJEB20096	PRJEB7053	16	Bacteria aetolus	Bacteria aborigena	Unite de Recherche sur les Maladies Infectieuses et Tropicales Emergentes (URMITE) CNRS;Faculte de Medecine;Universite de la Mediterranee;Marseille;France;URMITE	Unite de Recherche sur les Maladies Infectieuses et Tropicales Emergentes (URMITE) CNRS;Faculte de Medecine;Universite de la Mediterranee;Marseille;France;URMITE	species-level reads support neither	'Bacteria aetolus' vs 'Bacteria aborigena' — as above
PLACEHOLDER	PRJNA381824	PRJNA412964	9	Chryseolinea	Luedemannella	SUB3054666	SUB3100896	untestable (no species-level claim on either side)	genus-only labels Chryseolinea vs Luedemannella; STAT resolves neither
PLACEHOLDER	PRJEB9004	PRJEB9031	5	uncultured archaeon	uncultured bacterium	VTT Technical Research Centre of Finland;VTT	VTT Technical Research Centre of Finland;VTT	untestable (no species-level claim on either side)	uncultured archaeon vs uncultured bacterium (VTT; same amplicon file per primer target)
PLACEHOLDER	PRJEB18457	PRJEB21687	5	uncultured bacterium	uncultured archaeon	VTT Technical Research Centre of Finland;VTT	VTT Technical Research Centre of Finland;VTT	untestable (no species-level claim on either side)	uncultured bacterium vs uncultured archaeon (VTT)
PLACEHOLDER	PRJEB9004	PRJEB9160	3	uncultured archaeon	uncultured bacterium	VTT Technical Research Centre of Finland;VTT	VTT Technical Research Centre of Finland;VTT	untestable (no species-level claim on either side)	uncultured archaeon vs uncultured bacterium (VTT)
PLACEHOLDER	PRJEB9004	PRJEB9112	2	uncultured archaeon	uncultured fungus	VTT Technical Research Centre of Finland;VTT	VTT Technical Research Centre of Finland;VTT	untestable (no species-level claim on either side)	uncultured archaeon vs uncultured fungus (VTT); STAT: Sarocladium 77%
PLACEHOLDER	PRJEB6874	PRJEB9004	1	uncultured methanogenic archaeon	uncultured archaeon	VTT Technical Research Centre of Finland;VTT	VTT Technical Research Centre of Finland;VTT	untestable (no species-level claim on either side)	uncultured methanogenic archaeon vs uncultured archaeon (VTT)
PLACEHOLDER	PRJNA342241	PRJNA342756	1	Rinodina archaea	Steroidobacter		novogene	species-level reads support neither	lichen Rinodina archaea vs Steroidobacter (lichen-associated bacterium); STAT: mostly unassigned
REFINEMENT	PRJEB15463	PRJEB27847	61	Mycobacterium tuberculosis complex sp.	Mycobacterium tuberculosis	FORSCHUNGSZENTRUM BORSTEL;FZB	Institute of tropical medicine	species-level reads support B only	M. tuberculosis vs M. tuberculosis complex sp.
REFINEMENT	PRJEB11460	PRJEB9680	40	Mycobacterium tuberculosis	Mycobacterium tuberculosis complex sp.	UNIVERSITY OF BASEL	FORSCHUNGSZENTRUM BORSTEL;FZB	species-level reads support A only	M. tuberculosis vs MTBC sp.
REFINEMENT	PRJEB11460	PRJEB15463	30	Mycobacterium tuberculosis	Mycobacterium tuberculosis complex sp.	UNIVERSITY OF BASEL	FORSCHUNGSZENTRUM BORSTEL;FZB	species-level reads support A only	M. tuberculosis vs MTBC sp.
REFINEMENT	PRJEB11460	PRJEB6273	15	Mycobacterium tuberculosis	Mycobacterium tuberculosis complex sp.	UNIVERSITY OF BASEL	FORSCHUNGSZENTRUM BORSTEL;FZB	species-level reads support A only	M. tuberculosis vs MTBC sp.
REFINEMENT	PRJEB11460	PRJEB9545	11	Mycobacterium tuberculosis	Mycobacterium tuberculosis complex sp.	UNIVERSITY OF BASEL	FORSCHUNGSZENTRUM BORSTEL;FZB	species-level reads support A only	M. tuberculosis vs MTBC sp.
REFINEMENT	PRJEB11460	PRJEB7727	9	Mycobacterium tuberculosis	Mycobacterium tuberculosis complex sp.	UNIVERSITY OF BASEL	FORSCHUNGSZENTRUM BORSTEL;FZB	species-level reads support A only	M. tuberculosis vs MTBC sp.
REFINEMENT	PRJNA300644	PRJNA433223	9	Saccharum officinarum	Saccharum hybrid cultivar		SUB3611343	species-level reads support neither	Saccharum officinarum vs Saccharum hybrid cultivar
REFINEMENT	PRJEB22358	PRJNA302362	6	Mycobacterium tuberculosis complex sp.	Mycobacterium tuberculosis	FORSCHUNGSZENTRUM BORSTEL;FZB		species-level reads support B only	M. tuberculosis vs MTBC sp.
REFINEMENT	PRJNA12857	PRJNA74629	6	Sterkiella histriomuscorum	Oxytricha trifallax	WUGSC	WUGSC	species-level reads support neither	Oxytricha trifallax = Sterkiella histriomuscorum (synonym)
REFINEMENT	PRJNA486431	PRJNA510231	2	Colon	Homo sapiens	SUB4409403	SUB4924610	species-level reads support B only	'Colon' (tissue placeholder) vs Homo sapiens; STAT: human
REFINEMENT	PRJEB11563	PRJEB12660	1	Bos indicus	Bos taurus	NDDB	Banaras Hindu University Varanasi;U.P.;India;AAU;India	species-level reads support neither	Bos indicus vs Bos taurus — subspecies-level in common usage; microbiome amplicon
REFINEMENT	PRJEB11576	PRJEB12660	1	Bos indicus gudali	Bos taurus	Banaras Hindu University Varanasi;U.P.;India;AAU;India	Banaras Hindu University Varanasi;U.P.;India;AAU;India	species-level reads support neither	Bos indicus gudali vs Bos taurus — as above
REFINEMENT	PRJEB14646	PRJNA326914	1	Chryseobacterium sp. 113(2015)	Chryseobacterium sp. CBo1	UNIVERISTY OF LIVERPOOL,		species-level reads support neither	Chryseobacterium sp. 113 vs sp. CBo1 — strain-level, both unnamed
REFINEMENT	PRJNA545208	PRJNA545783	1	Bambusa pervariabilis	Bambusa pervariabilis x Bambusa grandis	SUB5699361	SUB5681156	species-level reads support neither	Bambusa pervariabilis vs its hybrid
